lease Landlord,1,anger,0.63328,negative
owner of the premises,1,joy,0.582886,positive
RENTAL AGREEMENT,7,anger,0.581744,negative
rent increase,1,anger,0.58087,negative
RENT PAYMENTS,1,anger,0.564324,negative
days notice,1,anger,0.562278,negative
Resident,44,anger,0.556438,negative
Pet RentSecurity Deposit,1,anger,0.55642,negative
COM of 114RENTAL AGREEMENT,1,joy,0.549278,positive
SECURITY DEPOSIT,10,anger,0.545794,positive
PLAIN LANGUAGE,15,anger,0.545735,negative
SUBJECT PROPERTY,1,joy,0.544016,positive
COSTS AMOUNT CHARGE,1,anger,0.543802,negative
Good Repair,3,joy,0.54175,positive
Tenant Owed Utility Bills,1,disgust,0.53989,negative
Bi-Weekly Rent,1,anger,0.537401,negative
Additional Rent,2,anger,0.53706,negative
Refundable deposit,2,anger,0.532829,negative
s rent,2,anger,0.532526,negative
Tenant mails,1,sadness,0.530701,negative
Tenant,52,anger,0.529703,negative
Tenant of the name,1,sadness,0.528,positive
STANDARD WORRY-FREE PAYMENT METHODS,1,joy,0.527056,negative
lease endson,1,anger,0.527013,negative
Total Due,1,anger,0.525173,negative
Phone Numbers,1,joy,0.524023,positive
Use of Leased Property Tenant,1,anger,0.523613,negative
home owner association rules,1,disgust,0.523326,positive
responsible fordamage,1,anger,0.522823,negative
fifteenth day of eachmonth,1,sadness,0.522206,negative
Credit Card debit,1,joy,0.521473,positive
semiannual property inspections,1,anger,0.520142,positive
Leased Property,3,anger,0.520098,negative
LEASERENTAL AGREEMENT1,1,joy,0.519805,positive
ADDITIONAL RESIDENTS,2,joy,0.519638,negative
court action,1,anger,0.519427,negative
collateral security,1,anger,0.519211,positive
TRADITIONAL DELIVERY OF PAYMENTS,1,anger,0.5175,positive
amount of any service fee,1,anger,0.517159,positive
Good reports,1,joy,0.51664,neutral
direct contact,1,anger,0.516565,negative
conditions of this agreement,1,joy,0.516295,positive
month basis,1,anger,0.515194,negative
copy ofLandlord,1,anger,0.51507,positive
forms of checks,1,anger,0.51458,positive
lists Utility Services,1,anger,0.514578,negative
ADDITIONAL RENT CHARGES,3,anger,0.51449,negative
s Certificate of Registration,1,anger,0.514288,positive
credit card,1,joy,0.514221,positive
Landlord,55,anger,0.51417,negative
